[
  {
    "fullName": "er",
    "email": "erin@thehighriseco.com",
    "howDidYouFindUs": "Google Search",
    "timestamp": "2025-06-30T20:35:25.477Z",
    "userAgent": "Mozilla/5.0 (Macintosh; Intel Mac OS X 10_15_7) AppleWebKit/537.36 (KHTML, like Gecko) Chrome/137.0.0.0 Safari/537.36",
    "referrer": "https://builder.io/"
  },
  {
    "fullName": "k",
    "email": "info@thehighriseco.com",
    "howDidYouFindUs": "Social Media (Instagram, Twitter, etc.)",
    "timestamp": "2025-07-01T10:44:34.631Z",
    "userAgent": "Mozilla/5.0 (Macintosh; Intel Mac OS X 10_15_7) AppleWebKit/537.36 (KHTML, like Gecko) Chrome/137.0.0.0 Safari/537.36",
    "referrer": "https://builder.io/"
  }
]